<?xml version='1.0' encoding='UTF-8' ?>
<!DOCTYPE authorgroup PUBLIC "-//OASIS//DTD DocBook XML V4.5//EN" "http://www.oasis-open.org/docbook/xml/4.5/docbookx.dtd" [
<!ENTITY % BOOK_ENTITIES SYSTEM "Hibernate_Getting_Started_Guide.ent">
%BOOK_ENTITIES;
]>

<authorgroup>

    <author>
        <firstname>Gavin</firstname>
        <surname>King</surname>
    </author>
    <author>
        <firstname>Christian</firstname>
        <surname>Bauer</surname>
    </author>
    <author>
        <firstname>Emmanuel</firstname>
        <surname>Bernard</surname>
    </author>
    <author>
        <firstname>Steve</firstname>
        <surname>Ebersole</surname>
    </author>

    <othercredit>
        <firstname>James</firstname>
        <surname>Cobb</surname>
        <affiliation>
            <shortaffil>Graphic Design</shortaffil>
        </affiliation>
    </othercredit>

    <othercredit>
        <firstname>Cheyenne</firstname>
        <surname>Weaver</surname>
        <affiliation>
            <shortaffil>Graphic Design</shortaffil>
        </affiliation>
    </othercredit>

</authorgroup>