<?xml version='1.0' encoding='utf-8' ?>
<!DOCTYPE bookinfo PUBLIC "-//OASIS//DTD DocBook XML V4.5//EN" "http://www.oasis-open.org/docbook/xml/4.5/docbookx.dtd" [
<!ENTITY % BOOK_ENTITIES SYSTEM "Hibernate_Getting_Started_Guide.ent">
%BOOK_ENTITIES;
]>

<bookinfo id="Hibernate_Getting_Started_Guide">
    <title>Hibernate Getting Started Guide</title>
    <releaseinfo>&version;</releaseinfo>
    <edition>1.0</edition>
    <pubsnumber>1</pubsnumber>
    <productname>JBoss Hibernate Core</productname>
    <productnumber>&version;</productnumber>
    <pubdate>&today;</pubdate>
    <issuenum>1</issuenum>
    <mediaobject>
        <imageobject role="fo">
            <imagedata fileref="images/hibernate_logo_a.png" align="center" />
        </imageobject>
        <imageobject role="html">
            <imagedata fileref="images/hibernate_logo_a.png" depth="3cm" />
        </imageobject>
    </mediaobject>
    <copyright>
        <year>&copyrightYear;</year>
        <holder>&copyrightHolder;</holder>
    </copyright>
    <xi:include href="Author_Group.xml" xmlns:xi="http://www.w3.org/2001/XInclude" />
</bookinfo>
