<?xml version='1.0' encoding='UTF-8' ?>
<!DOCTYPE chapter PUBLIC "-//OASIS//DTD DocBook XML V4.5//EN" "http://www.oasis-open.org/docbook/xml/4.5/docbookx.dtd">


<chapter id="hibernate-gsg-obtain">
    <title>Obtaining Hibernate</title>

    <section id="hibernate-gsg-setup-releaseBundle">
        <title>Release Bundle Downloads</title>
        <para>
            The Hibernate team provides release bundles hosted on the SourceForge File Release System, in
            <literal>ZIP</literal>
            and
            <literal>TGZ</literal>
            formats. Each release bundle contains<literal>JARs</literal>,
            documentation, source code, and other information.
        </para>
        <para>
            You can download releases of Hibernate, in your chosen format, from the list at
            <ulink url="http://sourceforge.net/projects/hibernate/files/hibernate3/"/>.
        </para>
        <itemizedlist>
            <listitem>
                <para>
                    <filename>hibernate3.jar</filename>
                    is an aggregation of all the Hibernate Core classes.
                    This must be included in your project's classpath.
                </para>
            </listitem>
            <listitem>
                <para>
                    The
                    <filename>lib/required/</filename>
                    directory contains JARs Hibernate requires. All the jars in this directory must also be included in
                    your project's classpath as well.
                </para>
                <important>
                    <para>
                        The
                        <filename>slf4j</filename>
                        JAR has additional
                        requirements for it to function properly. The exact
                        requirements depend on your logging back-end. See
                        <ulink
                                url="http://slf4j.org/">slf4j site
                        </ulink>
                        for details.
                    </para>
                </important>
            </listitem>
            <listitem>
                <para>
                    The
                    <filename>/lib/jpa/</filename>
                    directory contains the
                    <ulink url="http://jcp.org/en/jsr/detail?id=317">JPA</ulink>
                    API JAR. This JAR needs to be in your project's classpath if
                    you want to use the JPA APIs or JPA annotations.
                </para>
            </listitem>
        </itemizedlist>
    </section>

    <section id="hibernate-gsg-setup-mavenRepoArtifacts">
        <title>Maven Repository Artifacts</title>
        <note>
            <para>
                The authoritative repository for Hibernate artifacts is the
                JBoss Maven repository. The team responsible for the JBoss
                Maven repository maintains a number of Wiki pages that contain
                important information.
            </para>
            <itemizedlist>
                <title>Maven Repository Wiki Pages</title>
                <listitem>
                    <para>
                        <ulink url="http://community.jboss.org/docs/DOC-14900"/> -
                        General information about the repository.
                    </para>
                </listitem>
                <listitem>
                    <para>
                        <ulink url="http://community.jboss.org/docs/DOC-15170"/> -
                        Information about setting up the JBoss repositories in
                        order to do development work on JBoss projects themselves.
                    </para>
                </listitem>
                <listitem>
                    <para>
                        <ulink url="http://community.jboss.org/docs/DOC-15169"/> -
                        Information about setting up access to the repository to
                        use JBoss projects as part of your own software.
                    </para>
                </listitem>
            </itemizedlist>
        </note>

        <para>
            Hibernate produces a number of artifacts (all under the org.hibernate groupId):
        </para>
        <variablelist>
            <title>Hibernate Artifacts under groupId <systemitem>org.hibernate</systemitem>
            </title>
            <varlistentry>
                <term>hibernate-core</term>
                <listitem>
                    <para>
                        The main artifact, which contains all the Hibernate classes, in
                        package<package>org.hibernate</package>. You need these to
                        build applications using the native Hibernate APIs. It includes
                        capabilities for using native Hibernate mapping in
                        <filename>hbm.xml</filename>
                        files, as well as annotations.
                    </para>
                </listitem>
            </varlistentry>
            <varlistentry>
                <term>hibernate-entitymanager</term>
                <listitem>
                    <para>
                        Represents Hibernate's implementation of <phrase>JPA</phrase>, as specified at
                        <ulink url="http://jcp.org/en/jsr/detail?id=317"/>.
                    </para>
                    <para>
                        This artifact depends on <systemitem>hibernate-core</systemitem>
                    </para>
                </listitem>
            </varlistentry>
            <varlistentry>
                <term>hibernate-envers</term>
                <listitem>
                    <para>
                        An optional module that provides historical auditing of changes
                        to your entities.
                    </para>
                    <para>
                        This artifact depends on both <systemitem>hibernate-core</systemitem>
                        and <systemitem>hibernate-entitymanager</systemitem>.
                    </para>
                </listitem>
            </varlistentry>
            <varlistentry>
                <term>hibernate-c3p0</term>
                <listitem>
                    <para>
                        Provides integration between Hibernate and the <application>C3P0</application> connection
                        pool library.  See <ulink url="http://sourceforge.net/projects/c3p0/"/> for information
                        about <application>C3P0</application>.
                    </para>
                    <para>
                        This artifact depends on <systemitem>hibernate-core</systemitem>, but is generally included
                        in a project as a runtime dependency.  It pulls in the <application>C3P0</application>
                        dependencies automatically.
                    </para>
                </listitem>
            </varlistentry>
            <varlistentry>
                <term>hibernate-proxool</term>
                <listitem>
                    <para>
                        Provides integration between Hibernate and the <application>Proxool</application> connection
                        pool library. See <ulink url="http://proxool.sourceforge.net/"/> for more information about
                        this library.
                    </para>
                    <para>
                        This artifact depends on <systemitem>hibernate-core</systemitem>, but is generally included
                        in a project as a runtime dependency. It pulls in the <application>Proxool</application>
                        dependencies automatically..
                    </para>
                </listitem>
            </varlistentry>
            <varlistentry>
                <term>hibernate-ehcache</term>
                <listitem>
                    <para>
                        Privides integration between Hibernate and <application>EhCache</application>, as a
                        second-level cache. See <ulink url="http://ehcache.sourceforge.net/"/> for more
                        information about<application>EhCache</application>.
                    </para>
                    <para>
                        This artifact depends on <systemitem>hibernate-core</systemitem>, but is generally included
                        in a project as a runtime dependency. It pulls in the <application>Ehcache</application>
                        dependencies automatically.
                    </para>
                </listitem>
            </varlistentry>
            <varlistentry>
                <term>hibernate-infinispan</term>
                <listitem>
                    <para>
                        Provides integration between Hibernate and <application>Infinispan</application>, as a
                        second-level cache. See <ulink url="http://jboss.org/infinispan"/> for more information
                        about <application>Infinispan</application>.
                    </para>
                    <para>
                        This artifact depends on <systemitem>hibernate-core</systemitem>, but is generally included
                        in a project as a runtime dependency. It pulls in the <application>Infinispan</application>
                        dependencies automatically.
                    </para>
                </listitem>
            </varlistentry>
            <varlistentry>
                <term>hibernate-jbosscache</term>
                <listitem>
                    <para>
                        Provides integration between Hibernate and <application>JBossCache</application>, as a
                        second-level cache. See <ulink url="http://jboss.org/jbosscache"/> for information about
                        <application>JBossCache</application>.
                    </para>
                    <para>
                        This artifact depends on <systemitem>hibernate-core</systemitem>, but is generally included
                        in a project as a runtime dependency.  It pulls in the <application>JBossCache</application>
                        dependencies automatically.
                    </para>
                </listitem>
            </varlistentry>
            <varlistentry>
                <term>hibernate-oscache</term>
                <listitem>
                    <para>
                        Provides integration between Hibernate and <application>OSCache</application> as a
                        second-level cache. See <ulink url="http://www.opensymphony.com/oscache/"/> for information
                        about <application>OSCache</application>.
                    </para>
                    <para>
                        This artifact depends on <systemitem>hibernate-core</systemitem>, but is generally included
                        in a project as a runtime dependency.  It pulls in the <application>OSCache</application>
                        dependencies automatically.
                    </para>
                </listitem>
            </varlistentry>
            <varlistentry>
                <term>hibernate-swarmcache</term>
                <listitem>
                    <para>
                        Provides integration between Hibernate and <application>SwarmCache</application>, as a
                        second-level cache. See <ulink url="http://swarmcache.sourceforge.net/"/> for more information
                        about <application>SwarmCache</application>.
                    </para>
                    <para>
                        This artifact depends on <systemitem>hibernate-core</systemitem>, but is generally included
                        in a project as a runtime dependency. It pulls in the <application>SwarmCache</application>
                        dependencies automatically.
                    </para>
                </listitem>
            </varlistentry>
        </variablelist>
    </section>
</chapter>