<?xml version='1.0' encoding='utf-8' ?>
<!DOCTYPE bookinfo PUBLIC "-//OASIS//DTD DocBook XML V4.5//EN" "http://www.oasis-open.org/docbook/xml/4.5/docbookx.dtd" [
<!ENTITY % BOOK_ENTITIES SYSTEM "HIBERNATE_-_Relational_Persistence_for_Idiomatic_Java.ent">
%BOOK_ENTITIES;
]>

<bookinfo id="HIBERNATE_-_Relational_Persistence_for_Idiomatic_Java">
	<title>HIBERNATE - Relational Persistence for Idiomatic Java</title>
        <subtitle>Hibernate Reference Documentation</subtitle>
        <releaseinfo>&version;</releaseinfo>
	<edition>1.0</edition>
	<pubsnumber>1</pubsnumber>
	<productname>JBoss Hibernate Core</productname>
        <productnumber>&version;</productnumber>
        <pubdate>&today;</pubdate>
        <issuenum>1</issuenum>
        <mediaobject>
            <imageobject role="fo">
                <imagedata fileref="images/hibernate_logo_a.png" align="center" />
            </imageobject>
            <imageobject role="html">
                <imagedata fileref="images/hibernate_logo_a.png" depth="3cm" />
            </imageobject>
        </mediaobject>
        <copyright>
            <year>&copyrightYear;</year>
            <holder>&copyrightHolder;</holder>
        </copyright>
        <xi:include href="legal_notice.xml" xmlns:xi="http://www.w3.org/2001/XInclude" />
        <xi:include href="author_group.xml" xmlns:xi="http://www.w3.org/2001/XInclude" />
	
	<!--  Insert relevant fallback material here. Legal_Notice and Author Group is a relevant placement BookInfo.xml-->
	
	<!-- No legal Notice in Community docs so commenting out -->
    <!--    <xi:include xmlns:xi="http://www.w3.org/2001/XInclude"
    href="Common_Content/Legal_Notice.xml">
        LEGAL NOTICE INCLUSION FOR JDOCBOOK:
      <xi:fallback xmlns:xi="http://www.w3.org/2001/XInclude">
          <xi:include href="fallback_content/Legal_Notice.xml"
           xmlns:xi="http://www.w3.org/2001/XInclude"></xi:include>
      </xi:fallback>
	</xi:include> -->

	<!--  	
	FOR PUBLICAN	
	<xi:include href="Author_Group.xml" xmlns:xi="http://www.w3.org/2001/XInclude">
		FOR JDOCBOOK
    	<xi:fallback xmlns:xi="http://www.w3.org/2001/XInclude"/>
    </xi:include>
	-->
	
</bookinfo>
