<?xml version='1.0' encoding="UTF-8"?>
<!--
  ~ Hibernate, Relational Persistence for Idiomatic Java
  ~
  ~ Copyright (c) 2008, Red Hat Middleware LLC or third-party contributors as
  ~ indicated by the @author tags or express copyright attribution
  ~ statements applied by the authors.  All third-party contributions are
  ~ distributed under license by Red Hat Middleware LLC.
  ~
  ~ This copyrighted material is made available to anyone wishing to use, modify,
  ~ copy, or redistribute it subject to the terms and conditions of the GNU
  ~ Lesser General Public License, as published by the Free Software Foundation.
  ~
  ~ This program is distributed in the hope that it will be useful,
  ~ but WITHOUT ANY WARRANTY; without even the implied warranty of MERCHANTABILITY
  ~ or FITNESS FOR A PARTICULAR PURPOSE.  See the GNU Lesser General Public License
  ~ for more details.
  ~
  ~ You should have received a copy of the GNU Lesser General Public License
  ~ along with this distribution; if not, write to:
  ~ Free Software Foundation, Inc.
  ~ 51 Franklin Street, Fifth Floor
  ~ Boston, MA  02110-1301  USA
  -->
<!DOCTYPE book PUBLIC "-//OASIS//DTD DocBook XML V4.5//EN" "http://www.oasis-open.org/docbook/xml/4.5/docbookx.dtd" [
 <!ENTITY % BOOK_ENTITIES SYSTEM "Hibernate_Envers_-_Easy_Entity_Auditing.ent">
%BOOK_ENTITIES;
]>

<book>
<!--
    <bookinfo>
        <title>Hibernate Envers - Easy Entity Auditing</title>
        <subtitle>Hibernate Envers Reference Documentation</subtitle>
        <releaseinfo>&versionNumber;</releaseinfo>
        <productnumber>&versionNumber;</productnumber>
        <issuenum>1</issuenum>
        <copyright>
            <year>&copyrightYear;</year>
            <holder>&copyrightHolder;</holder>
        </copyright>
        <xi:include href="legal_notice.xml" xmlns:xi="http://www.w3.org/2001/XInclude" />
	<!- include translators... ->
    </bookinfo>

    <toc/>
-->
    <xi:include href="Book_Info.xml" xmlns:xi="http://www.w3.org/2001/XInclude" />
    <xi:include href="content/preface.xml" xmlns:xi="http://www.w3.org/2001/XInclude" />
    <xi:include href="content/quickstart.xml" xmlns:xi="http://www.w3.org/2001/XInclude" />
    <xi:include href="content/example.xml" xmlns:xi="http://www.w3.org/2001/XInclude" />
    <xi:include href="content/configuration.xml" xmlns:xi="http://www.w3.org/2001/XInclude" />
    <xi:include href="content/revisionlog.xml" xmlns:xi="http://www.w3.org/2001/XInclude" />
    <xi:include href="content/queries.xml" xmlns:xi="http://www.w3.org/2001/XInclude" />
    <xi:include href="content/schema.xml" xmlns:xi="http://www.w3.org/2001/XInclude" />
    <xi:include href="content/tables.xml" xmlns:xi="http://www.w3.org/2001/XInclude" />
    <xi:include href="content/partitioning.xml" xmlns:xi="http://www.w3.org/2001/XInclude" />
    <xi:include href="content/source.xml" xmlns:xi="http://www.w3.org/2001/XInclude" />
    <xi:include href="content/exceptions.xml" xmlns:xi="http://www.w3.org/2001/XInclude" />
    <xi:include href="content/migration.xml" xmlns:xi="http://www.w3.org/2001/XInclude" />
    <xi:include href="content/links.xml" xmlns:xi="http://www.w3.org/2001/XInclude" />

</book>

