<?xml version='1.0' encoding="UTF-8"?>
<!--
  ~ Hibernate, Relational Persistence for Idiomatic Java
  ~
  ~ Copyright (c) 2008, Red Hat Middleware LLC or third-party contributors as
  ~ indicated by the @author tags or express copyright attribution
  ~ statements applied by the authors.  All third-party contributions are
  ~ distributed under license by Red Hat Middleware LLC.
  ~
  ~ This copyrighted material is made available to anyone wishing to use, modify,
  ~ copy, or redistribute it subject to the terms and conditions of the GNU
  ~ Lesser General Public License, as published by the Free Software Foundation.
  ~
  ~ This program is distributed in the hope that it will be useful,
  ~ but WITHOUT ANY WARRANTY; without even the implied warranty of MERCHANTABILITY
  ~ or FITNESS FOR A PARTICULAR PURPOSE.  See the GNU Lesser General Public License
  ~ for more details.
  ~
  ~ You should have received a copy of the GNU Lesser General Public License
  ~ along with this distribution; if not, write to:
  ~ Free Software Foundation, Inc.
  ~ 51 Franklin Street, Fifth Floor
  ~ Boston, MA  02110-1301  USA
  -->
<!DOCTYPE chapter PUBLIC "-//OASIS//DTD DocBook XML V4.5//EN" "http://www.oasis-open.org/docbook/xml/4.5/docbookx.dtd" [
<!ENTITY % BOOK_ENTITIES SYSTEM "Hibernate_Envers_-_Easy_Entity_Auditing.ent">
%BOOK_ENTITIES;        
]>

<legalnotice id="Legal_Notice">
    <title>Legal Notice</title>
    <para>
        <address>
            <street>1801 Varsity Drive</street>
            <city>Raleigh</city>, <state>NC</state><postcode>27606-2072</postcode><country>USA</country>
            <phone>Phone: +1 919 754 3700</phone>
            <phone>Phone: 888 733 4281</phone>
            <fax>Fax: +1 919 754 3701</fax>
            <pob>PO Box 13588</pob><city>Research Triangle Park</city>, <state>NC</state><postcode>27709</postcode><country>USA</country>
        </address>
    </para>
    <para>
        Copyright <trademark class="copyright"/> 2007 by Red Hat, Inc.  This copyrighted material is made available to
        anyone wishing to use, modify, copy, or redistribute it subject to the terms and conditions of the
        GNU <ulink url="http://www.gnu.org/licenses/lgpl-2.1.html">Lesser General Public License</ulink>, as published
        by the Free Software Foundation.
    </para>
    <para>
        Red Hat and the Red Hat "Shadow Man" logo are registered trademarks of Red Hat, Inc. in the United States and other countries.
    </para>
    <para>
        All other trademarks referenced herein are the property of their respective owners.
    </para>
    <para>
        The GPG fingerprint of the security@redhat.com key is:
    </para>
    <para>
        CA 20 86 86 2B D6 9D FC 65 F6 EC C4 21 91 80 CD DB 42 A6 0E
    </para>
</legalnotice>
