<?xml version='1.0' encoding="UTF-8"?>
<!--
  ~ Hibernate, Relational Persistence for Idiomatic Java
  ~
  ~ Copyright (c) 2008, Red Hat Middleware LLC or third-party contributors as
  ~ indicated by the @author tags or express copyright attribution
  ~ statements applied by the authors.  All third-party contributions are
  ~ distributed under license by Red Hat Middleware LLC.
  ~
  ~ This copyrighted material is made available to anyone wishing to use, modify,
  ~ copy, or redistribute it subject to the terms and conditions of the GNU
  ~ Lesser General Public License, as published by the Free Software Foundation.
  ~
  ~ This program is distributed in the hope that it will be useful,
  ~ but WITHOUT ANY WARRANTY; without even the implied warranty of MERCHANTABILITY
  ~ or FITNESS FOR A PARTICULAR PURPOSE.  See the GNU Lesser General Public License
  ~ for more details.
  ~
  ~ You should have received a copy of the GNU Lesser General Public License
  ~ along with this distribution; if not, write to:
  ~ Free Software Foundation, Inc.
  ~ 51 Franklin Street, Fifth Floor
  ~ Boston, MA  02110-1301  USA
  -->

<!DOCTYPE chapter PUBLIC "-//OASIS//DTD DocBook XML V4.5//EN" "http://www.oasis-open.org/docbook/xml/4.5/docbookx.dtd" [
<!ENTITY % BOOK_ENTITIES SYSTEM "../Hibernate_Envers_-_Easy_Entity_Auditing.ent">
%BOOK_ENTITIES;
]>

<chapter id="links">
    <title>Links</title>

    <para>
        Some useful links:
    </para>

    <orderedlist>
        <listitem>
            <para>
                <ulink url="http://hibernate.org">Hibernate</ulink>
            </para>
        </listitem>
        <listitem>
            <para>
                <ulink url="http://community.jboss.org/en/envers?view=discussions">Forum</ulink>
            </para>
        </listitem>
        <listitem>
            <para>
                <ulink url="http://anonsvn.jboss.org/repos/hibernate/core/trunk/envers/">Anonymous SVN</ulink>
            </para>
        </listitem>
        <listitem>
            <para>
                <ulink url="http://opensource.atlassian.com/projects/hibernate/browse/HHH">JIRA issue tracker</ulink>
                (when adding issues concerning Envers, be sure to select the "envers" component!)
            </para>
        </listitem>
        <listitem>
            <para>
                <ulink url="irc://irc.freenode.net:6667/envers">IRC channel</ulink>
            </para>
        </listitem>
        <listitem>
            <para>
                <ulink url="http://www.jboss.org/feeds/view/envers">Blog</ulink>
            </para>
        </listitem>
        <listitem>
            <para>
                <ulink url="https://community.jboss.org/wiki/EnversFAQ">FAQ</ulink>
            </para>
        </listitem>
    </orderedlist>

</chapter>
