<?xml version='1.0' encoding='UTF-8' ?>
<!--
  ~ Hibernate, Relational Persistence for Idiomatic Java
  ~
  ~ Copyright (c) 2010, Red Hat Inc. or third-party contributors as
  ~ indicated by the @author tags or express copyright attribution
  ~ statements applied by the authors.  All third-party contributions are
  ~ distributed under license by Red Hat Inc.
  ~
  ~ This copyrighted material is made available to anyone wishing to use, modify,
  ~ copy, or redistribute it subject to the terms and conditions of the GNU
  ~ Lesser General Public License, as published by the Free Software Foundation.
  ~
  ~ This program is distributed in the hope that it will be useful,
  ~ but WITHOUT ANY WARRANTY; without even the implied warranty of MERCHANTABILITY
  ~ or FITNESS FOR A PARTICULAR PURPOSE.  See the GNU Lesser General Public License
  ~ for more details.
  ~
  ~ You should have received a copy of the GNU Lesser General Public License
  ~ along with this distribution; if not, write to:
  ~ Free Software Foundation, Inc.
  ~ 51 Franklin Street, Fifth Floor
  ~ Boston, MA  02110-1301  USA
  -->
<!DOCTYPE authorgroup PUBLIC "-//OASIS//DTD DocBook XML V4.5//EN" "http://www.oasis-open.org/docbook/xml/4.5/docbookx.dtd" [
]>
<authorgroup>
   <author>
      <firstname>Gavin</firstname>
      <surname>King</surname>
   </author>
   <author>
      <firstname>Christian</firstname>
      <surname>Bauer</surname>
   </author>
   <author>
      <firstname>Max</firstname>
      <othername>Rydahl</othername>
      <surname>Andersen</surname>
   </author>
   <author>
      <firstname>Emmanuel</firstname>
      <surname>Bernard</surname>
   </author>
   <author>
      <firstname>Steve</firstname>
      <surname>Ebersole</surname>
   </author>
   <author>
      <firstname>Hardy</firstname>
      <surname>Ferentschik</surname>
   </author>

   <othercredit>
      <firstname>James</firstname>
      <surname>Cobb</surname>
      <affiliation>
         <shortaffil>Graphic Design</shortaffil>
      </affiliation>
   </othercredit>
   <othercredit>
      <firstname>Cheyenne</firstname>
      <surname>Weaver</surname>
      <affiliation>
         <shortaffil>Graphic Design</shortaffil>
      </affiliation>
   </othercredit>

    <!--
        #######################################################################
        # Spanish
        #######################################################################
    -->
    <othercredit class="translator" lang="es-ES">
        <othername><![CDATA[Bernardo Antonio Buffa Colom&#x00e9]]></othername>
        <email>kreimer@bbs.frc.utn.edu.ar</email>
    </othercredit>

    <!--
        #######################################################################
        # French
        #######################################################################
    -->
    <othercredit class="translator" lang="fr-FR">
        <firstname>Vincent</firstname>
        <surname>Ricard</surname>
    </othercredit>
    <othercredit class="translator" lang="fr-FR">
        <firstname>Sebastien</firstname>
        <surname>Cesbron</surname>
    </othercredit>
    <othercredit class="translator" lang="fr-FR">
        <firstname>Michael</firstname>
        <surname>Courcy</surname>
    </othercredit>
    <othercredit class="translator" lang="fr-FR">
        <firstname>Vincent</firstname>
        <surname>Giguère</surname>
    </othercredit>
    <othercredit class="translator" lang="fr-FR">
        <firstname>Baptiste</firstname>
        <surname>Mathus</surname>
    </othercredit>
    <othercredit class="translator" lang="fr-FR">
        <firstname>Emmanuel</firstname>
        <surname>Bernard</surname>
    </othercredit>
    <othercredit class="translator" lang="fr-FR">
        <firstname>Anthony</firstname>
        <surname>Patricio</surname>
    </othercredit>

    <!--
        #######################################################################
        # Portugese
        #######################################################################
    -->
    <othercredit class="translator" lang="pt-BR">
        <firstname>Alvaro</firstname>
        <surname>Netto</surname>
        <email>alvaronetto@cetip.com.br</email>
    </othercredit>
    <othercredit class="translator" lang="pt-BR">
        <firstname>Anderson</firstname>
        <surname>Braulio</surname>
        <email>andersonbraulio@gmail.com</email>
    </othercredit>
    <othercredit class="translator" lang="pt-BR">
        <firstname>Daniel Vieira</firstname>
        <surname>Costa</surname>
        <email>danielvc@gmail.com</email>
    </othercredit>
    <othercredit class="translator" lang="pt-BR">
        <firstname>Francisco</firstname>
        <surname>gamarra</surname>
        <email>francisco.gamarra@gmail.com</email>
    </othercredit>
    <othercredit class="translator" lang="pt-BR">
        <firstname>Gamarra</firstname>
        <email>mauricio.gamarra@gmail.com</email>
    </othercredit>
    <othercredit class="translator" lang="pt-BR">
        <firstname>Luiz Carlos</firstname>
        <surname>Rodrigues</surname>
        <email>luizcarlos_rodrigues@yahoo.com.br</email>
    </othercredit>
    <othercredit class="translator" lang="pt-BR">
        <firstname>Marcel</firstname>
        <surname>Castelo</surname>
        <email>marcel.castelo@gmail.com</email>
    </othercredit>
    <othercredit class="translator" lang="pt-BR">
        <firstname>Paulo</firstname>
        <surname>César</surname>
        <email>paulocol@gmail.com</email>
    </othercredit>
    <othercredit class="translator" lang="pt-BR">
        <firstname>Pablo L.</firstname>
        <surname>de Miranda</surname>
        <email>pablolmiranda@gmail.com</email>
    </othercredit>
    <othercredit class="translator" lang="pt-BR">
        <firstname>Renato</firstname>
        <surname>Deggau</surname>
        <email>rdeggau@gmail.com</email>
    </othercredit>
    <othercredit class="translator" lang="pt-BR">
        <firstname>Rogério</firstname>
        <surname>Araújo</surname>
        <email>rgildoaraujo@yahoo.com.br</email>
    </othercredit>
    <othercredit class="translator" lang="pt-BR">
        <firstname>Wanderson</firstname>
        <surname>Siqueira</surname>
        <email>wandersonxs@gmail.com</email>
    </othercredit>

    <!--
        #######################################################################
        # Chinese
        #######################################################################
    -->
    <othercredit class="translator" lang="zh-CN">
        <firstname>Cao</firstname>
        <surname>Xiaogang</surname>
        <affiliation>
            <orgname>RedSaga</orgname>
        </affiliation>
        <contrib>Translation Lead</contrib>
        <email>caoxg@yahoo.com</email>
    </othercredit>

</authorgroup>
