<?xml version='1.0' encoding='utf-8' ?>
<!--
  ~ Hibernate, Relational Persistence for Idiomatic Java
  ~
  ~ Copyright (c) 2010, Red Hat Inc. or third-party contributors as
  ~ indicated by the @author tags or express copyright attribution
  ~ statements applied by the authors.  All third-party contributions are
  ~ distributed under license by Red Hat Inc.
  ~
  ~ This copyrighted material is made available to anyone wishing to use, modify,
  ~ copy, or redistribute it subject to the terms and conditions of the GNU
  ~ Lesser General Public License, as published by the Free Software Foundation.
  ~
  ~ This program is distributed in the hope that it will be useful,
  ~ but WITHOUT ANY WARRANTY; without even the implied warranty of MERCHANTABILITY
  ~ or FITNESS FOR A PARTICULAR PURPOSE.  See the GNU Lesser General Public License
  ~ for more details.
  ~
  ~ You should have received a copy of the GNU Lesser General Public License
  ~ along with this distribution; if not, write to:
  ~ Free Software Foundation, Inc.
  ~ 51 Franklin Street, Fifth Floor
  ~ Boston, MA  02110-1301  USA
  -->
<!DOCTYPE bookinfo PUBLIC "-//OASIS//DTD DocBook XML V4.5//EN" "http://www.oasis-open.org/docbook/xml/4.5/docbookx.dtd" [
<!ENTITY % BOOK_ENTITIES SYSTEM "Hibernate_Developer_Guide.ent">
%BOOK_ENTITIES;
]>

<bookinfo id="Hibernate_Developer_Guide">
    <title>Hibernate Developer Guide</title>
    <releaseinfo>&version;</releaseinfo>
    <edition>1.0</edition>
    <pubsnumber>1</pubsnumber>
    <productname>JBoss Hibernate Core</productname>
    <productnumber>&version;</productnumber>
    <pubdate>&today;</pubdate>
    <issuenum>1</issuenum>
    <mediaobject>
        <imageobject role="fo">
            <imagedata fileref="images/hibernate_logo_a.png" align="center" />
        </imageobject>
        <imageobject role="html">
            <imagedata fileref="images/hibernate_logo_a.png" depth="3cm" />
        </imageobject>
    </mediaobject>
    <copyright>
        <year>&copyrightYear;</year>
        <holder>&copyrightHolder;</holder>
    </copyright>

    <xi:include href="Author_Group.xml" xmlns:xi="http://www.w3.org/2001/XInclude" />

</bookinfo>
